[{
  "_id": {
    "$oid": "6437d9c38c42a40a75f58389"
  },
  "kerdes": "Melyik a legnépesebb ország?",
  "kep": "/kerdeskep/9e586956ba041739d60ce59fef195bec5348ca0478c051c8f83e18bd7a3481cf7605578c9c9a4b903db2d29647de9381d44417cc9adad0abe993276b1d2c18e7.webp",
  "valasz1": "Kína",
  "valasz2": "India",
  "valasz3": "Egyesült Államok",
  "valasz4": "Brazília",
  "valasz5": "Nigéria",
  "valasz6": "Japán",
  "nehezseg": "konnyu",
  "tema": "foldrajz",
  "kerdes_id": "9e586956ba041739d60ce59fef195bec5348ca0478c051c8f83e18bd7a3481cf7605578c9c9a4b903db2d29647de9381d44417cc9adad0abe993276b1d2c18e7",
  "__v": 0
},{
  "_id": {
    "$oid": "6437de5f8c42a40a75f583ab"
  },
  "kerdes": "Melyik a legnagyobb ország?",
  "kep": "/kerdeskep/ea5b6935ffa05827a121f9aa486f91938ea50175874ee0d0f922dfdba55836672006135ffc8b3fb10beeafa6595b4b5d068c36a2fad29a499e1d9401fd25ab32.webp",
  "valasz1": "Oroszország",
  "valasz2": "Kanada",
  "valasz3": "Kína",
  "valasz4": "Egyesült Államok",
  "valasz5": "Brazília",
  "valasz6": "Ausztrália",
  "nehezseg": "konnyu",
  "tema": "foldrajz",
  "kerdes_id": "ea5b6935ffa05827a121f9aa486f91938ea50175874ee0d0f922dfdba55836672006135ffc8b3fb10beeafa6595b4b5d068c36a2fad29a499e1d9401fd25ab32",
  "__v": 0
},{
  "_id": {
    "$oid": "6437de9f8c42a40a75f583b2"
  },
  "kerdes": "Melyik európai ország?",
  "kep": "/kerdeskep/0c1733acfe5b14e115d90951c21c7aa48f81d317b32ee2121aff63dbfe7fd9fd3cc4b61ec873700cd137bd825ddc6df70a20779fca27a3b67075ee1873a85d3d.webp",
  "valasz1": "Dánia",
  "valasz2": "Izrael",
  "valasz3": "Algéria",
  "valasz4": "Kenya",
  "valasz5": "Egyesült Államok",
  "valasz6": "Kína",
  "nehezseg": "konnyu",
  "tema": "foldrajz",
  "kerdes_id": "0c1733acfe5b14e115d90951c21c7aa48f81d317b32ee2121aff63dbfe7fd9fd3cc4b61ec873700cd137bd825ddc6df70a20779fca27a3b67075ee1873a85d3d",
  "__v": 0
},{
  "_id": {
    "$oid": "6437dee48c42a40a75f583b9"
  },
  "kerdes": "Melyik ázsiai ország?",
  "kep": "/kerdeskep/fea12bacdd6cc31358bf3be68afba1eb4b56a8b5f7ced10c9342b08817d88c4040595cb14a0d4d587f3554bfdab4bdfae8fec68a21dd2fc707b5a4516b8963b8.webp",
  "valasz1": "Japán",
  "valasz2": "Peru",
  "valasz3": "Új-Zéland",
  "valasz4": "Görögország",
  "valasz5": "Marokkó",
  "valasz6": "Ukrajna",
  "nehezseg": "konnyu",
  "tema": "foldrajz",
  "kerdes_id": "fea12bacdd6cc31358bf3be68afba1eb4b56a8b5f7ced10c9342b08817d88c4040595cb14a0d4d587f3554bfdab4bdfae8fec68a21dd2fc707b5a4516b8963b8",
  "__v": 0
},{
  "_id": {
    "$oid": "6437df118c42a40a75f583bd"
  },
  "kerdes": "Melyik afrikai ország?",
  "kep": "/kerdeskep/654334ece75f2b0f045b37cb431c4b6e23bbc50761c0efebde0ff44ce241c08f57cd511a9ca95a1049d0ac84c2d1cdd61ad5daff4b21b89eda2aa3db35b19e12.webp",
  "valasz1": "Nigéria",
  "valasz2": "Spanyolország",
  "valasz3": "Olaszország",
  "valasz4": "Szaúd-Arábia",
  "valasz5": "Peru",
  "valasz6": "Chile",
  "nehezseg": "konnyu",
  "tema": "foldrajz",
  "kerdes_id": "654334ece75f2b0f045b37cb431c4b6e23bbc50761c0efebde0ff44ce241c08f57cd511a9ca95a1049d0ac84c2d1cdd61ad5daff4b21b89eda2aa3db35b19e12",
  "__v": 0
},{
  "_id": {
    "$oid": "6437df378c42a40a75f583c1"
  },
  "kerdes": "Melyik amerikai ország?",
  "kep": "/kerdeskep/f4d37cdeaa1feba57cb9c7787c32e63d9ea705e32b428d7053a5ccec5be1072f2d222ff0c772aa12b3462a2561fc603a3032fb7bc91ea9367d11d6d4c8c9cada.webp",
  "valasz1": "Mexikó",
  "valasz2": "Magyarország",
  "valasz3": "Görögország",
  "valasz4": "Fülöp-szigetek",
  "valasz5": "Etiópia",
  "valasz6": "Thaiföld",
  "nehezseg": "konnyu",
  "tema": "foldrajz",
  "kerdes_id": "f4d37cdeaa1feba57cb9c7787c32e63d9ea705e32b428d7053a5ccec5be1072f2d222ff0c772aa12b3462a2561fc603a3032fb7bc91ea9367d11d6d4c8c9cada",
  "__v": 0
},{
  "_id": {
    "$oid": "6437df6e8c42a40a75f583c5"
  },
  "kerdes": "Melyik óceániai ország?",
  "kep": "/kerdeskep/d5db80e23cee47410abb98d4c87ec7b8a47a5c5ae72b58d11ca20ccfff753d06593f99eac99d58b966c2b493fb1076a58d155cd77b2fbc29218815d7cc88d72f.webp",
  "valasz1": "Ausztrália",
  "valasz2": "Malajzia",
  "valasz3": "Tajvan",
  "valasz4": "Laosz",
  "valasz5": "India",
  "valasz6": "Sri Lanka",
  "nehezseg": "konnyu",
  "tema": "foldrajz",
  "kerdes_id": "d5db80e23cee47410abb98d4c87ec7b8a47a5c5ae72b58d11ca20ccfff753d06593f99eac99d58b966c2b493fb1076a58d155cd77b2fbc29218815d7cc88d72f",
  "__v": 0
},{
  "_id": {
    "$oid": "6437df978c42a40a75f583c9"
  },
  "kerdes": "Melyik országban található az Eiffel-torony?",
  "kep": "/kerdeskep/dabb0f9278a8a107c7dea7b90a704e1af7be4e7aba5c41d02567d166607de86d0d7140a3317d6dc491622b96cf516ffd004da6acb942c637367c8b4ba849d747.webp",
  "valasz1": "Franciaország",
  "valasz2": "Németország",
  "valasz3": "Magyarország",
  "valasz4": "Egyesült Államok",
  "valasz5": "Belgium",
  "valasz6": "Svájc",
  "nehezseg": "konnyu",
  "tema": "foldrajz",
  "kerdes_id": "dabb0f9278a8a107c7dea7b90a704e1af7be4e7aba5c41d02567d166607de86d0d7140a3317d6dc491622b96cf516ffd004da6acb942c637367c8b4ba849d747",
  "__v": 0
},{
  "_id": {
    "$oid": "6437dfcd8c42a40a75f583cd"
  },
  "kerdes": "Melyik a tengerszinttől számított legmagasabb pont?",
  "kep": "/kerdeskep/91093087dd39f7c83d96a5a12f70f2639fbbb13391ee1f1c90275f1d4e7746c9a9970db1137fc338716bc9f3c481d27f49bb466efd6cc7082acbc3f3de876c82.webp",
  "valasz1": "Everest-hegység",
  "valasz2": "Huang-hegy",
  "valasz3": "Matterhorn",
  "valasz4": "Kilimandzsáró",
  "valasz5": "Mont Blanc",
  "valasz6": "Nagy-Milic",
  "nehezseg": "konnyu",
  "tema": "foldrajz",
  "kerdes_id": "91093087dd39f7c83d96a5a12f70f2639fbbb13391ee1f1c90275f1d4e7746c9a9970db1137fc338716bc9f3c481d27f49bb466efd6cc7082acbc3f3de876c82",
  "__v": 0
},{
  "_id": {
    "$oid": "6437e11e8c42a40a75f583d4"
  },
  "kerdes": "Melyik a Föld legmélyebb pontja?",
  "kep": "/kerdeskep/b2e77b975bb250fec558b1095412ad360f4259107d805ffa2defc5a09a0b109f9206d4882cdead5220525655a0aa0d99316fb2d6de656c095bc305468e6968bf.webp",
  "valasz1": "Mariana-árok",
  "valasz2": "Tonga-árok",
  "valasz3": "Fülöp-árok",
  "valasz4": "Kermadec-árok",
  "valasz5": "Izu-Bonin-árok",
  "valasz6": "Japán-árok",
  "nehezseg": "konnyu",
  "tema": "foldrajz",
  "kerdes_id": "b2e77b975bb250fec558b1095412ad360f4259107d805ffa2defc5a09a0b109f9206d4882cdead5220525655a0aa0d99316fb2d6de656c095bc305468e6968bf",
  "__v": 0
},{
  "_id": {
    "$oid": "6437e1608c42a40a75f583d8"
  },
  "kerdes": "Mi Magyarország fővárosa?",
  "kep": "/kerdeskep/bdf8af1e1087a4cba6e695192e505b2fc13e8975f12ef8bd87612a211d1c013b9e240b85b4e3c3fe5953a6f37740a8686fafd9d54fb62ccd6563a6cecd086a1d.webp",
  "valasz1": "Budapest",
  "valasz2": "Miskolc",
  "valasz3": "Debrecen",
  "valasz4": "Pécs",
  "valasz5": "Eger",
  "valasz6": "Szeged",
  "nehezseg": "konnyu",
  "tema": "foldrajz",
  "kerdes_id": "bdf8af1e1087a4cba6e695192e505b2fc13e8975f12ef8bd87612a211d1c013b9e240b85b4e3c3fe5953a6f37740a8686fafd9d54fb62ccd6563a6cecd086a1d",
  "__v": 0
},{
  "_id": {
    "$oid": "6437e18c8c42a40a75f583dc"
  },
  "kerdes": "Mi Franciaország fővárosa?",
  "kep": "/kerdeskep/af089d34696550f4196067e3ab8b715d6acbfab792585cf31ab4f71b834be26a2a1d2f67ec3b84cbaf74bcc65240b178f50e3b492c4452561aeaaec40583a645.webp",
  "valasz1": "Párizs",
  "valasz2": "Nizza",
  "valasz3": "Bordeaux",
  "valasz4": "Marseille",
  "valasz5": "Montpellier",
  "valasz6": "Toulouse",
  "nehezseg": "konnyu",
  "tema": "foldrajz",
  "kerdes_id": "af089d34696550f4196067e3ab8b715d6acbfab792585cf31ab4f71b834be26a2a1d2f67ec3b84cbaf74bcc65240b178f50e3b492c4452561aeaaec40583a645",
  "__v": 0
},{
  "_id": {
    "$oid": "6437e1ba8c42a40a75f583e0"
  },
  "kerdes": "Mi Németország fővárosa?",
  "kep": "/kerdeskep/259b79d9ee7d5eb083b07040866ae6535bc00bcb5e209990ad220a7f1f38d6e0783ec93a127fb400620fc8083a635f51aafc67d6b8c6f053006235442f059198.webp",
  "valasz1": "Berlin",
  "valasz2": "München",
  "valasz3": "Dortmund",
  "valasz4": "Frankfurt",
  "valasz5": "Hamburg",
  "valasz6": "Stuttgart",
  "nehezseg": "konnyu",
  "tema": "foldrajz",
  "kerdes_id": "259b79d9ee7d5eb083b07040866ae6535bc00bcb5e209990ad220a7f1f38d6e0783ec93a127fb400620fc8083a635f51aafc67d6b8c6f053006235442f059198",
  "__v": 0
},{
  "_id": {
    "$oid": "6437e1e88c42a40a75f583e4"
  },
  "kerdes": "Mi Spanyolország fővárosa?",
  "kep": "/kerdeskep/25964c392986829dc4eb2775f20554e67039a40e78c6d63150557907a44502d9be8e9a250184e68fc80d48da3a8ba79a5be7cea5c69411c132ce76b5310e3db2.webp",
  "valasz1": "Madrid",
  "valasz2": "Barcelona",
  "valasz3": "Toledo",
  "valasz4": "Sevilla",
  "valasz5": "Zaragoza",
  "valasz6": "Valencia",
  "nehezseg": "konnyu",
  "tema": "foldrajz",
  "kerdes_id": "25964c392986829dc4eb2775f20554e67039a40e78c6d63150557907a44502d9be8e9a250184e68fc80d48da3a8ba79a5be7cea5c69411c132ce76b5310e3db2",
  "__v": 0
},{
  "_id": {
    "$oid": "6437e24a8c42a40a75f583e8"
  },
  "kerdes": "Mi az Egyesült Királyság fővárosa?",
  "kep": "/kerdeskep/e4a3f04f2039b60694e364dd7bc6920ba86111126b9658f2cd784f89213de3e07930dc91d90979a7bf044bf26b7c0611fb3e3d173cb5b4812aeb3a28490a140c.webp",
  "valasz1": "London",
  "valasz2": "Birmingham",
  "valasz3": "Edinburgh",
  "valasz4": "Manchester",
  "valasz5": "Glasgow",
  "valasz6": "Sheffield",
  "nehezseg": "konnyu",
  "tema": "foldrajz",
  "kerdes_id": "e4a3f04f2039b60694e364dd7bc6920ba86111126b9658f2cd784f89213de3e07930dc91d90979a7bf044bf26b7c0611fb3e3d173cb5b4812aeb3a28490a140c",
  "__v": 0
},{
  "_id": {
    "$oid": "6437e2748c42a40a75f583ec"
  },
  "kerdes": "Ez melyik ország zászlaja?",
  "kep": "/kerdeskep/9bf633f5ff45e565f10eedaa15d8051afaef4d444658e8fea0df141daaa60b8e2c1336f8d9de0b86a1bd44d7b5ede90be9f26b99caf59bdb771119d34b3b8981.webp",
  "valasz1": "Olaszország",
  "valasz2": "San Marino",
  "valasz3": "Franciaország",
  "valasz4": "Magyarország",
  "valasz5": "Németország",
  "valasz6": "Spanyolország",
  "nehezseg": "konnyu",
  "tema": "foldrajz",
  "kerdes_id": "9bf633f5ff45e565f10eedaa15d8051afaef4d444658e8fea0df141daaa60b8e2c1336f8d9de0b86a1bd44d7b5ede90be9f26b99caf59bdb771119d34b3b8981",
  "__v": 0
},{
  "_id": {
    "$oid": "6437e2c98c42a40a75f583f2"
  },
  "kerdes": "Mi Lengyelország fővárosa?",
  "kep": "/kerdeskep/b3af1d24e6a15cbe173ec36c86c83acada9231c36d3ce6dd3d60464e59a404bdd011fa0eb845f9275754960fd2881c3b0386af51f9e4cf13cd12422e85d4f178.webp",
  "valasz1": "Varsó",
  "valasz2": "Krakkó",
  "valasz3": "Katowice",
  "valasz4": "Lublin",
  "valasz5": "Szczecin",
  "valasz6": "Gdansk",
  "nehezseg": "konnyu",
  "tema": "foldrajz",
  "kerdes_id": "b3af1d24e6a15cbe173ec36c86c83acada9231c36d3ce6dd3d60464e59a404bdd011fa0eb845f9275754960fd2881c3b0386af51f9e4cf13cd12422e85d4f178",
  "__v": 0
},{
  "_id": {
    "$oid": "6437e2fa5b4e4130ab1d7996"
  },
  "kerdes": "Mi Csehország fővárosa?",
  "kep": "/kerdeskep/9fa0476af8dd93f7712a923ef3aaa61e5161517d2253f765384ff15c15bbf88c67201f052a0fcdf290caa0879f1cacee3617b0fed0e43321a5c270baec41c1c3.webp",
  "valasz1": "Prága",
  "valasz2": "Brno",
  "valasz3": "Ostrava",
  "valasz4": "Alamóc",
  "valasz5": "Most",
  "valasz6": "Liberec",
  "nehezseg": "konnyu",
  "tema": "foldrajz",
  "kerdes_id": "9fa0476af8dd93f7712a923ef3aaa61e5161517d2253f765384ff15c15bbf88c67201f052a0fcdf290caa0879f1cacee3617b0fed0e43321a5c270baec41c1c3",
  "__v": 0
},{
  "_id": {
    "$oid": "6437e3265b4e4130ab1d799a"
  },
  "kerdes": "Mi Belgium fővárosa?",
  "kep": "/kerdeskep/30976d2a67c8a34fde4231ff2bd70602a9b9651ad4e55bde7bc3c40d8e61b3ff8ac94061ab40fa2700779e751e348a36df50a62832eb6f4198356a2c0ecb031e.webp",
  "valasz1": "Brüsszel",
  "valasz2": "Antwerpen",
  "valasz3": "Brugge",
  "valasz4": "Charleroi",
  "valasz5": "Mons",
  "valasz6": "Mechelen",
  "nehezseg": "konnyu",
  "tema": "foldrajz",
  "kerdes_id": "30976d2a67c8a34fde4231ff2bd70602a9b9651ad4e55bde7bc3c40d8e61b3ff8ac94061ab40fa2700779e751e348a36df50a62832eb6f4198356a2c0ecb031e",
  "__v": 0
},{
  "_id": {
    "$oid": "6437e3c6845e9d0283009674"
  },
  "kerdes": "Ez melyik ország zászlaja?",
  "kep": "/kerdeskep/0bb4e8a9e2d2a2cfebc8fd720958ed8e0839e5b57f07aae330826e4e24668dc3e9b6cd83b746629bcd3218490c4624fdc52f9bf3c946e4807186b329172260f9.webp",
  "valasz1": "Oroszország",
  "valasz2": "Szlovákia",
  "valasz3": "Szlovénia",
  "valasz4": "Szerbia",
  "valasz5": "Csehország",
  "valasz6": "Ukrajna",
  "nehezseg": "konnyu",
  "tema": "foldrajz",
  "kerdes_id": "0bb4e8a9e2d2a2cfebc8fd720958ed8e0839e5b57f07aae330826e4e24668dc3e9b6cd83b746629bcd3218490c4624fdc52f9bf3c946e4807186b329172260f9",
  "__v": 0
},{
  "_id": {
    "$oid": "6437e40a845e9d028300967a"
  },
  "kerdes": "Mi Hollandia fővárosa?",
  "kep": "/kerdeskep/53acdcf4ad862c382e007887c839634dff723665117913e677e775e8bca308259cfc8b0c06b189b81c61bb2e95532e951dd8457cff10b90b28f5d93eab12ef7d.webp",
  "valasz1": "Amszterdam",
  "valasz2": "Hága",
  "valasz3": "Rotterdam",
  "valasz4": "Groningen",
  "valasz5": "Breda",
  "valasz6": "Zwolle",
  "nehezseg": "konnyu",
  "tema": "foldrajz",
  "kerdes_id": "53acdcf4ad862c382e007887c839634dff723665117913e677e775e8bca308259cfc8b0c06b189b81c61bb2e95532e951dd8457cff10b90b28f5d93eab12ef7d",
  "__v": 0
},{
  "_id": {
    "$oid": "6437e42c845e9d028300967d"
  },
  "kerdes": "Mi Ausztria fővárosa?",
  "kep": "/kerdeskep/32579b39605e547885c9f4e30d0d3efd143714f20aac5ce93fcec24193a6adb2ade7e6a007570ce7de76fda8b392986cc58f464d6812a49abee584c4e5913035.webp",
  "valasz1": "Bécs",
  "valasz2": "Graz",
  "valasz3": "Innsbruck",
  "valasz4": "Salzburg",
  "valasz5": "Linz",
  "valasz6": "Villach",
  "nehezseg": "konnyu",
  "tema": "foldrajz",
  "kerdes_id": "32579b39605e547885c9f4e30d0d3efd143714f20aac5ce93fcec24193a6adb2ade7e6a007570ce7de76fda8b392986cc58f464d6812a49abee584c4e5913035",
  "__v": 0
},{
  "_id": {
    "$oid": "6437e462845e9d0283009680"
  },
  "kerdes": "Ez melyik ország zászlaja?",
  "kep": "/kerdeskep/397b234c298e192d06e1021904c731ac1d8091e7832729393f0fcf224bb74dece816ed86dd81c0336cbe67728998a3f6d751f3a1d734d068e6db0be43b65839b.webp",
  "valasz1": "Horvátország",
  "valasz2": "Szerbia",
  "valasz3": "Szlovénia",
  "valasz4": "Szlovákia",
  "valasz5": "Montenegró",
  "valasz6": "Koszovó",
  "nehezseg": "konnyu",
  "tema": "foldrajz",
  "kerdes_id": "397b234c298e192d06e1021904c731ac1d8091e7832729393f0fcf224bb74dece816ed86dd81c0336cbe67728998a3f6d751f3a1d734d068e6db0be43b65839b",
  "__v": 0
},{
  "_id": {
    "$oid": "6437e4ac845e9d0283009686"
  },
  "kerdes": "Mi Szerbia fővárosa?",
  "kep": "/kerdeskep/e8fc9912c2e1e1f13cbaa0047d0da10f4e028233621dfedbfbff173735a954e39fea7e0a9f64d78faed6322ec052b08baa3ecf87a5a882bab7cbcff2920791ac.webp",
  "valasz1": "Belgrád",
  "valasz2": "Újvidék",
  "valasz3": "Szabadka",
  "valasz4": "Nagybecskerek",
  "valasz5": "Szabács",
  "valasz6": "Sokobanja",
  "nehezseg": "konnyu",
  "tema": "foldrajz",
  "kerdes_id": "e8fc9912c2e1e1f13cbaa0047d0da10f4e028233621dfedbfbff173735a954e39fea7e0a9f64d78faed6322ec052b08baa3ecf87a5a882bab7cbcff2920791ac",
  "__v": 0
},{
  "_id": {
    "$oid": "6437e4d19321aabac9eb85ab"
  },
  "kerdes": "Mi Románia fővárosa?",
  "kep": "/kerdeskep/9bae35f1b1642ed130d5a95aede1dc477eb4fba5c0092beeaffe1df67616879ee7203e6a2c6391391be66ef8a6f69605c6719404085f13fadebf2856a39024ca.webp",
  "valasz1": "Bukarest",
  "valasz2": "Nagyvárad",
  "valasz3": "Kolozsvár",
  "valasz4": "Temesvár",
  "valasz5": "Jászvásár",
  "valasz6": "Craiova",
  "nehezseg": "konnyu",
  "tema": "foldrajz",
  "kerdes_id": "9bae35f1b1642ed130d5a95aede1dc477eb4fba5c0092beeaffe1df67616879ee7203e6a2c6391391be66ef8a6f69605c6719404085f13fadebf2856a39024ca",
  "__v": 0
},{
  "_id": {
    "$oid": "6437e4fac37eab22a8358415"
  },
  "kerdes": "Mi Görögország fővárosa?",
  "kep": "/kerdeskep/0385c57d6f08719bbb32e59ac9cd2ae2a9af16d4a391304bd9e77ca28a899b800ab074115bc9995353e29447508b6b51091474b9a16195fa5106040b4dcb6e35.webp",
  "valasz1": "Athén",
  "valasz2": "Thesszaloniki",
  "valasz3": "Korfu",
  "valasz4": "Pátra",
  "valasz5": "Kalamata",
  "valasz6": "Ioánnina",
  "nehezseg": "konnyu",
  "tema": "foldrajz",
  "kerdes_id": "0385c57d6f08719bbb32e59ac9cd2ae2a9af16d4a391304bd9e77ca28a899b800ab074115bc9995353e29447508b6b51091474b9a16195fa5106040b4dcb6e35",
  "__v": 0
},{
  "_id": {
    "$oid": "6437e707489d10b2de5acf43"
  },
  "kerdes": "Mi az Egyesült Államok fővárosa?",
  "kep": "/kerdeskep/80fd1995ab2365a0486b8c0a2d5a459c6d8e267e770e48853172d3fb9a2a72869817f380aac3b69d041fcdfd55abda9f648124d7d35780fe1c591a901387f2c6.webp",
  "valasz1": "Washington",
  "valasz2": "New York",
  "valasz3": "Los Angeles",
  "valasz4": "San Francisco",
  "valasz5": "Seattle",
  "valasz6": "Chicago",
  "nehezseg": "konnyu",
  "tema": "foldrajz",
  "kerdes_id": "80fd1995ab2365a0486b8c0a2d5a459c6d8e267e770e48853172d3fb9a2a72869817f380aac3b69d041fcdfd55abda9f648124d7d35780fe1c591a901387f2c6",
  "__v": 0
},{
  "_id": {
    "$oid": "6437e75a489d10b2de5acf4c"
  },
  "kerdes": "Mi Dánia fővárosa?",
  "kep": "/kerdeskep/36cb9281d63df1871a5d3625df44c05f16c8ef86e5e44732cf8fe7e65f920268fe9b974b4446825e568fa3a0f68892e4fbe9eface833f67b8cd9f08eb7b88df5.webp",
  "valasz1": "Koppenhága",
  "valasz2": "Odense",
  "valasz3": "Herning",
  "valasz4": "Aabenraa",
  "valasz5": "Esbjerg",
  "valasz6": "Randers",
  "nehezseg": "konnyu",
  "tema": "foldrajz",
  "kerdes_id": "36cb9281d63df1871a5d3625df44c05f16c8ef86e5e44732cf8fe7e65f920268fe9b974b4446825e568fa3a0f68892e4fbe9eface833f67b8cd9f08eb7b88df5",
  "__v": 0
},{
  "_id": {
    "$oid": "6437e77a489d10b2de5acf4f"
  },
  "kerdes": "Ez melyik ország zászlaja?",
  "kep": "/kerdeskep/3bffa2bbb93eb655f5aa7159910dc35c9b9800a4f4278fa1ef464f3299249b4d92438869a5d1f3aad912064d0d1a07a9f64de6be8118dca0abe1f0e64a498b81.webp",
  "valasz1": "Norvégia",
  "valasz2": "Dánia",
  "valasz3": "Svédország",
  "valasz4": "Finnország",
  "valasz5": "Izland",
  "valasz6": "Lettország",
  "nehezseg": "konnyu",
  "tema": "foldrajz",
  "kerdes_id": "3bffa2bbb93eb655f5aa7159910dc35c9b9800a4f4278fa1ef464f3299249b4d92438869a5d1f3aad912064d0d1a07a9f64de6be8118dca0abe1f0e64a498b81",
  "__v": 0
},{
  "_id": {
    "$oid": "6437e797489d10b2de5acf52"
  },
  "kerdes": "Mi Svédország fővárosa?",
  "kep": "/kerdeskep/f8218938664b43a9132a09c4ca7fbca4bea9e4793c1a2c2c8a50107f013dba116a730bb89e5be3ad6deb815c7df1f14af95d41d5e71022590b62c7f0e8ae5bc2.webp",
  "valasz1": "Stockholm",
  "valasz2": "Göteborg",
  "valasz3": "Malmö",
  "valasz4": "Örebro",
  "valasz5": "Karlstad",
  "valasz6": "Jönköping",
  "nehezseg": "konnyu",
  "tema": "foldrajz",
  "kerdes_id": "f8218938664b43a9132a09c4ca7fbca4bea9e4793c1a2c2c8a50107f013dba116a730bb89e5be3ad6deb815c7df1f14af95d41d5e71022590b62c7f0e8ae5bc2",
  "__v": 0
},{
  "_id": {
    "$oid": "6437e7b0489d10b2de5acf55"
  },
  "kerdes": "Mi Finnország fővárosa?",
  "kep": "/kerdeskep/5c6229e1218d5ee963a37fe9b385e6ac5afb505864f02a2af7b7d80f834e2d7f1f49d6257ba77f60ccc2fd1d190c96d7623f50c33df5aa135e5cbfe068cafc9b.webp",
  "valasz1": "Helsinki",
  "valasz2": "Turku",
  "valasz3": "Kouvola",
  "valasz4": "Tampere",
  "valasz5": "Oulu",
  "valasz6": "Rauma",
  "nehezseg": "konnyu",
  "tema": "foldrajz",
  "kerdes_id": "5c6229e1218d5ee963a37fe9b385e6ac5afb505864f02a2af7b7d80f834e2d7f1f49d6257ba77f60ccc2fd1d190c96d7623f50c33df5aa135e5cbfe068cafc9b",
  "__v": 0
},{
  "_id": {
    "$oid": "6437e7d8489d10b2de5acf58"
  },
  "kerdes": "Mi Ukrajna fővárosa?",
  "kep": "/kerdeskep/f00e565af4e7d67bb98cd9ccd0fae957f246f8ac90fd10d20aac92874cf01fcb50a1a8391928a23d08f17d0eba9b140a1c5befa0789463507281490580daff2a.webp",
  "valasz1": "Kijev",
  "valasz2": "Mikolajiv",
  "valasz3": "Odessza",
  "valasz4": "Kharkiv",
  "valasz5": "Mariupol",
  "valasz6": "Lviv",
  "nehezseg": "konnyu",
  "tema": "foldrajz",
  "kerdes_id": "f00e565af4e7d67bb98cd9ccd0fae957f246f8ac90fd10d20aac92874cf01fcb50a1a8391928a23d08f17d0eba9b140a1c5befa0789463507281490580daff2a",
  "__v": 0
},{
  "_id": {
    "$oid": "6437e7f1489d10b2de5acf5b"
  },
  "kerdes": "Mi Írország fővárosa?",
  "kep": "/kerdeskep/4df66fe9fc04ee7fbd868d4a4f1a9b849ebcac3f685be017aeebed7791a8e000a9616c05af2d1a3194d2c9a27fdd2b870e0bf12841e6e0c672f011b3f3703fc8.webp",
  "valasz1": "Dublin",
  "valasz2": "Galway",
  "valasz3": "Cork",
  "valasz4": "Limerick",
  "valasz5": "Wexford",
  "valasz6": "Bray",
  "nehezseg": "konnyu",
  "tema": "foldrajz",
  "kerdes_id": "4df66fe9fc04ee7fbd868d4a4f1a9b849ebcac3f685be017aeebed7791a8e000a9616c05af2d1a3194d2c9a27fdd2b870e0bf12841e6e0c672f011b3f3703fc8",
  "__v": 0
},{
  "_id": {
    "$oid": "6437e80b489d10b2de5acf5e"
  },
  "kerdes": "Mi Bulgária fővárosa?",
  "kep": "/kerdeskep/98274408584efb589ab54064ff83c41b4aa3657ff31b980fa5d7ba42dd4a8512f79eb019226fdab0cd72a0dd892b5cba287ac03b688b636c4c218cd2cb358b62.webp",
  "valasz1": "Szófia",
  "valasz2": "Plovdiv",
  "valasz3": "Burgasz",
  "valasz4": "Várna",
  "valasz5": "Bansko",
  "valasz6": "Haskovo",
  "nehezseg": "konnyu",
  "tema": "foldrajz",
  "kerdes_id": "98274408584efb589ab54064ff83c41b4aa3657ff31b980fa5d7ba42dd4a8512f79eb019226fdab0cd72a0dd892b5cba287ac03b688b636c4c218cd2cb358b62",
  "__v": 0
},{
  "_id": {
    "$oid": "6437e84a489d10b2de5acf62"
  },
  "kerdes": "Mi Szlovákia fővárosa?",
  "kep": "/kerdeskep/85743226b5c2f4aa12b943a9e0731799baf162f6be273092f16b01c7c1c5fd67d8996b29ac14c5557ce724ba2c246fbba5b67257b842f5bf7b2b9ec623d11747.webp",
  "valasz1": "Pozsony",
  "valasz2": "Kassa",
  "valasz3": "Nyitra",
  "valasz4": "Eperjes",
  "valasz5": "Trencsén",
  "valasz6": "Losonc",
  "nehezseg": "konnyu",
  "tema": "foldrajz",
  "kerdes_id": "85743226b5c2f4aa12b943a9e0731799baf162f6be273092f16b01c7c1c5fd67d8996b29ac14c5557ce724ba2c246fbba5b67257b842f5bf7b2b9ec623d11747",
  "__v": 0
},{
  "_id": {
    "$oid": "6437e863489d10b2de5acf65"
  },
  "kerdes": "Mi Törökország fővárosa?",
  "kep": "/kerdeskep/5a7f5a3e4340f406dd259a7bd64b0c8aefe1d04e8ad59897eb6133ed1b9456d599acc2b9f15b68558cdfced617a096a437df6bb6a0a70407e65b9b0071488c9f.webp",
  "valasz1": "Ankara",
  "valasz2": "Isztambul",
  "valasz3": "Izmir",
  "valasz4": "Bursa",
  "valasz5": "Konya",
  "valasz6": "Antalya",
  "nehezseg": "konnyu",
  "tema": "foldrajz",
  "kerdes_id": "5a7f5a3e4340f406dd259a7bd64b0c8aefe1d04e8ad59897eb6133ed1b9456d599acc2b9f15b68558cdfced617a096a437df6bb6a0a70407e65b9b0071488c9f",
  "__v": 0
},{
  "_id": {
    "$oid": "6437e8c1489d10b2de5acf68"
  },
  "kerdes": "Ez melyik ország zászlaja?",
  "kep": "/kerdeskep/e92ac24fe2eac1d92d62c6f5e9d2f7941d5e203c7584fb1f4d8ac3312ae9cc77d605d61d392ad2fa9aa837267c0bb94888356af22494e89a8f07f9e4bfd805ec.webp",
  "valasz1": "Kína",
  "valasz2": "Hongkong",
  "valasz3": "Japán",
  "valasz4": "Vietnám",
  "valasz5": "Észak-Korea",
  "valasz6": "Thaiföld",
  "nehezseg": "konnyu",
  "tema": "foldrajz",
  "kerdes_id": "e92ac24fe2eac1d92d62c6f5e9d2f7941d5e203c7584fb1f4d8ac3312ae9cc77d605d61d392ad2fa9aa837267c0bb94888356af22494e89a8f07f9e4bfd805ec",
  "__v": 0
},{
  "_id": {
    "$oid": "6437e8e0489d10b2de5acf6b"
  },
  "kerdes": "Mi Japán fővárosa?",
  "kep": "/kerdeskep/d3a412acd881b8ae811cf4ca3e979be7e464fa3d5a6bbef92645d26e7932036ea7f453d64f93081d0fdbbe3a2b0c40c9dec3ccc681dcd5878d2a4acf1d5a9cda.webp",
  "valasz1": "Tokió",
  "valasz2": "Nagoja",
  "valasz3": "Oszaka",
  "valasz4": "Kóbe",
  "valasz5": "Hirosima",
  "valasz6": "Peking",
  "nehezseg": "konnyu",
  "tema": "foldrajz",
  "kerdes_id": "d3a412acd881b8ae811cf4ca3e979be7e464fa3d5a6bbef92645d26e7932036ea7f453d64f93081d0fdbbe3a2b0c40c9dec3ccc681dcd5878d2a4acf1d5a9cda",
  "__v": 0
},{
  "_id": {
    "$oid": "6437e8fc489d10b2de5acf6e"
  },
  "kerdes": "Mi India fővárosa?",
  "kep": "/kerdeskep/84faed4b639120ede886bdf9b2c95fb53fc5781c98c483fc5f2220ed0f041736f69888d0b15db5ce06c78564f91642ea33af5d71e5953ec18492f7b902012f22.webp",
  "valasz1": "Új-Delhi",
  "valasz2": "Lucknow",
  "valasz3": "Szúrat ",
  "valasz4": "Mumbai",
  "valasz5": "Kolkata",
  "valasz6": "Nagpur",
  "nehezseg": "konnyu",
  "tema": "foldrajz",
  "kerdes_id": "84faed4b639120ede886bdf9b2c95fb53fc5781c98c483fc5f2220ed0f041736f69888d0b15db5ce06c78564f91642ea33af5d71e5953ec18492f7b902012f22",
  "__v": 0
},{
  "_id": {
    "$oid": "6437e914489d10b2de5acf71"
  },
  "kerdes": "Mi Dél-Korea fővárosa?",
  "kep": "/kerdeskep/43cddf1ce8d8231b91bc64f142952eb56718890ce1294ca7674ea886b11d790dd946e131ca2eb3c067db9079243abc489f4176f9568d09cf726b5b8778e391c2.webp",
  "valasz1": "Szöul",
  "valasz2": "Puszan",
  "valasz3": "Kwangju",
  "valasz4": "Tedzson",
  "valasz5": "Incheon",
  "valasz6": "Daegu",
  "nehezseg": "konnyu",
  "tema": "foldrajz",
  "kerdes_id": "43cddf1ce8d8231b91bc64f142952eb56718890ce1294ca7674ea886b11d790dd946e131ca2eb3c067db9079243abc489f4176f9568d09cf726b5b8778e391c2",
  "__v": 0
}]